{"cameraMode":{"drawMode":0,"name":"Shaded","section":"Shading Mode"},"sceneLighting":true,"audioPlay":false,"sceneViewState":{"m_AlwaysRefresh":false,"showFog":true,"showSkybox":true,"showFlares":true,"showImageEffects":true,"showParticleSystems":true,"showVisualEffectGraphs":true,"m_FxEnabled":true},"in2DMode":false,"pivot":{"x":26.00978660583496,"y":-0.8004572987556458,"z":1.618088722229004},"rotation":{"x":0.20911990106105805,"y":0.3861004114151001,"z":-0.09032298624515534,"w":0.8938937783241272},"size":2.0034735202789308,"orthographic":false}